{
  "vol": {
    "HYDROGEL_PACK": {
      "sym": "HYDROGEL_PACK",
      "by_day": {
        "1": {
          "mid_mean": 9992.0551,
          "mid_std": 37.61113018761866,
          "ret_std_per_tick": 0.00021501435090006223,
          "sigma_per_day": 0.021501435090006224,
          "ac1": -0.12397032142330275,
          "ac5": 0.004420471772646915
        },
        "2": {
          "mid_mean": 9989.4034,
          "mid_std": 31.62057982453832,
          "ret_std_per_tick": 0.00021722469384206488,
          "sigma_per_day": 0.021722469384206487,
          "ac1": -0.12539021242125817,
          "ac5": 0.004602198893384431
        },
        "3": {
          "mid_mean": 10002.5044,
          "mid_std": 32.95121819660087,
          "ret_std_per_tick": 0.00021878498208826466,
          "sigma_per_day": 0.021878498208826466,
          "ac1": -0.12323382263146862,
          "ac5": -0.0007779428758999658
        }
      },
      "overall_sigma_per_day": 0.02170137150979942,
      "sigma_price_per_day": 216.89770607631425
    },
    "VELVETFRUIT_EXTRACT": {
      "sym": "VELVETFRUIT_EXTRACT",
      "by_day": {
        "1": {
          "mid_mean": 5248.3919,
          "mid_std": 14.613631115845235,
          "ret_std_per_tick": 0.00021622368994590968,
          "sigma_per_day": 0.021622368994590968,
          "ac1": -0.16934936541408738,
          "ac5": -0.005738742020858437
        },
        "2": {
          "mid_mean": 5255.39215,
          "mid_std": 16.984489788554143,
          "ret_std_per_tick": 0.00021656770986586108,
          "sigma_per_day": 0.021656770986586107,
          "ac1": -0.15526913534446007,
          "ac5": 0.003932048651233945
        },
        "3": {
          "mid_mean": 5239.1621,
          "mid_std": 18.594247056280608,
          "ret_std_per_tick": 0.00021752767917371265,
          "sigma_per_day": 0.021752767917371265,
          "ac1": -0.15609366970132893,
          "ac5": -0.009988361489527338
        }
      },
      "overall_sigma_per_day": 0.021677515995315793,
      "sigma_price_per_day": 113.75598899334005
    }
  },
  "cointegration": {
    "1": {
      "alpha": 7510.880029873768,
      "beta": 0.4727495807099063,
      "resid_std": 36.97118507805508,
      "rho": -0.0018135698722603194,
      "t_stat": -3.037986147263525,
      "stationary_at_5pct": true
    },
    "2": {
      "alpha": 12161.672338976576,
      "beta": -0.41334097950741294,
      "resid_std": 30.831400451918526,
      "rho": -0.0025521459361774537,
      "t_stat": -3.549524631308672,
      "stationary_at_5pct": true
    },
    "3": {
      "alpha": 13337.989028470274,
      "beta": -0.6366446704274163,
      "resid_std": 30.751361505870694,
      "rho": -0.002893757171743265,
      "t_stat": -3.8658319727078125,
      "stationary_at_5pct": true
    }
  },
  "voucher_iv_svi": {
    "1": {
      "per_strike": {
        "4000": {
          "sigma": 0.03618727618042494,
          "n": 1004,
          "S_mean": 5248.3919
        },
        "4500": {
          "sigma": 0.02139047527116077,
          "n": 3037,
          "S_mean": 5248.3919
        },
        "5000": {
          "sigma": 0.011306547847215243,
          "n": 9999,
          "S_mean": 5248.3919
        },
        "5100": {
          "sigma": 0.011111436194687666,
          "n": 10000,
          "S_mean": 5248.3919
        },
        "5200": {
          "sigma": 0.011567343258574536,
          "n": 10000,
          "S_mean": 5248.3919
        },
        "5300": {
          "sigma": 0.011689929974642563,
          "n": 10000,
          "S_mean": 5248.3919
        },
        "5400": {
          "sigma": 0.010884213208336357,
          "n": 10000,
          "S_mean": 5248.3919
        },
        "5500": {
          "sigma": 0.011740940446490416,
          "n": 10000,
          "S_mean": 5248.3919
        },
        "6000": {
          "sigma": 0.018533873180085418,
          "n": 10000,
          "S_mean": 5248.3919
        },
        "6500": {
          "sigma": 0.02806105895027848,
          "n": 10000,
          "S_mean": 5248.3919
        }
      },
      "svi": {
        "a": -0.28112315393291276,
        "b": 0.3028271906012977,
        "rho": -0.3645451845762451,
        "m": -0.39421040498614895,
        "sigma": 0.9999997580165048
      },
      "svi_rmse": 0.0001484906278590559
    },
    "2": {
      "per_strike": {
        "4000": {
          "sigma": 0.03890839876119232,
          "n": 1006,
          "S_mean": 5255.39215
        },
        "4500": {
          "sigma": 0.022991641870240994,
          "n": 2774,
          "S_mean": 5255.39215
        },
        "5000": {
          "sigma": 0.011314636257268975,
          "n": 9977,
          "S_mean": 5255.39215
        },
        "5100": {
          "sigma": 0.010851934562688789,
          "n": 10000,
          "S_mean": 5255.39215
        },
        "5200": {
          "sigma": 0.011172654188385584,
          "n": 10000,
          "S_mean": 5255.39215
        },
        "5300": {
          "sigma": 0.01145119560310856,
          "n": 10000,
          "S_mean": 5255.39215
        },
        "5400": {
          "sigma": 0.010753007819544705,
          "n": 10000,
          "S_mean": 5255.39215
        },
        "5500": {
          "sigma": 0.011749002549324978,
          "n": 10000,
          "S_mean": 5255.39215
        },
        "6000": {
          "sigma": 0.019585966873498287,
          "n": 10000,
          "S_mean": 5255.39215
        },
        "6500": {
          "sigma": 0.029779995802376575,
          "n": 10000,
          "S_mean": 5255.39215
        }
      },
      "svi": {
        "a": -0.2793219976396293,
        "b": 0.29575924233052037,
        "rho": -0.3216649153671264,
        "m": -0.34201725897170043,
        "sigma": 0.999999993236487
      },
      "svi_rmse": 0.00011507182752100042
    },
    "3": {
      "per_strike": {
        "4000": {
          "sigma": 0.04121274096313336,
          "n": 1277,
          "S_mean": 5239.1621
        },
        "4500": {
          "sigma": 0.024592256145341315,
          "n": 2650,
          "S_mean": 5239.1621
        },
        "5000": {
          "sigma": 0.011024375771677844,
          "n": 9926,
          "S_mean": 5239.1621
        },
        "5100": {
          "sigma": 0.010834102241296434,
          "n": 10000,
          "S_mean": 5239.1621
        },
        "5200": {
          "sigma": 0.010889803869171844,
          "n": 10000,
          "S_mean": 5239.1621
        },
        "5300": {
          "sigma": 0.011093152754916943,
          "n": 10000,
          "S_mean": 5239.1621
        },
        "5400": {
          "sigma": 0.010472482606038865,
          "n": 10000,
          "S_mean": 5239.1621
        },
        "5500": {
          "sigma": 0.011056653793041448,
          "n": 10000,
          "S_mean": 5239.1621
        },
        "6000": {
          "sigma": 0.02164682965140532,
          "n": 10000,
          "S_mean": 5239.1621
        },
        "6500": {
          "sigma": 0.03263841553045201,
          "n": 10000,
          "S_mean": 5239.1621
        }
      },
      "svi": {
        "a": -0.26111622963643494,
        "b": 0.26253940684970584,
        "rho": -0.08066202237040028,
        "m": -0.07936537761771785,
        "sigma": 0.9999999731360025
      },
      "svi_rmse": 9.146766919465e-05
    }
  }
}